{"cameraMode":{"drawMode":0,"name":"Shaded","section":"Shading Mode"},"sceneLighting":false,"audioPlay":false,"sceneViewState":{"m_AlwaysRefresh":false,"showFog":false,"showSkybox":false,"showFlares":false,"showImageEffects":false,"showParticleSystems":false,"showVisualEffectGraphs":true,"m_FxEnabled":true},"in2DMode":false,"pivot":{"x":-0.39032280445098879,"y":0.14672088623046876,"z":0.06206107139587402},"rotation":{"x":-0.013283791020512581,"y":0.9826628565788269,"z":-0.0776897445321083,"w":-0.1678742617368698},"size":1.0086627006530762,"orthographic":false}