{"cameraMode":{"drawMode":0,"name":"Shaded","section":"Shading Mode"},"sceneLighting":false,"audioPlay":false,"sceneViewState":{"m_AlwaysRefresh":false,"showFog":true,"showSkybox":false,"showFlares":true,"showImageEffects":true,"showParticleSystems":true,"showVisualEffectGraphs":true,"m_FxEnabled":true},"in2DMode":false,"pivot":{"x":0.20803961157798768,"y":0.620659351348877,"z":0.553719162940979},"rotation":{"x":-0.032667890191078189,"y":-0.8421184420585632,"z":0.05135052278637886,"w":-0.5358623266220093},"size":1.4685094356536866,"orthographic":false}